{
    "$schema": "https://schema.management.azure.com/schemas/2015-01-01/deploymentTemplate.json#",
    "contentVersion": "1.0.0.0",
    "parameters": {
        "resourceName": {
            "type": "string",
            "metadata": {
                "description": "The name of the Managed Cluster resource."
            }
        },
        "location": {
            "type": "string",
            "metadata": {
                "description": "The location of AKS resource."
            }
        },
        "dnsPrefix": {
            "type": "string",
            "metadata": {
                "description": "Optional DNS prefix to use with hosted Kubernetes API server FQDN."
            }
        },
        "osDiskSizeGB": {
            "type": "int",
            "defaultValue": 0,
            "metadata": {
                "description": "Disk size (in GiB) to provision for each of the agent pool nodes. This value ranges from 0 to 1023. Specifying 0 will apply the default disk size for that agentVMSize."
            },
            "minValue": 0,
            "maxValue": 1023
        },
        "kubernetesVersion": {
            "type": "string",
            "defaultValue": "1.7.7",
            "metadata": {
                "description": "The version of Kubernetes."
            }
        },
        "networkPlugin": {
            "type": "string",
            "allowedValues": [
                "azure",
                "kubenet"
            ],
            "metadata": {
                "description": "Network plugin used for building Kubernetes network."
            }
        },
        "enableRBAC": {
            "type": "bool",
            "defaultValue": true,
            "metadata": {
                "description": "Boolean flag to turn on and off of RBAC."
            }
        },
        "vmssNodePool": {
            "type": "bool",
            "defaultValue": false,
            "metadata": {
                "description": "Boolean flag to turn on and off of virtual machine scale sets"
            }
        },
        "windowsProfile": {
            "type": "bool",
            "defaultValue": false,
            "metadata": {
                "description": "Boolean flag to turn on and off of virtual machine scale sets"
            }
        },
        "enablePrivateCluster": {
            "type": "bool",
            "defaultValue": false,
            "metadata": {
                "description": "Enable private network access to the Kubernetes cluster."
            }
        },
        "enableHttpApplicationRouting": {
            "type": "bool",
            "defaultValue": true,
            "metadata": {
                "description": "Boolean flag to turn on and off http application routing."
            }
        },
        "enableAzurePolicy": {
            "type": "bool",
            "defaultValue": false,
            "metadata": {
                "description": "Boolean flag to turn on and off Azure Policy addon."
            }
        },
        "enableSecretStoreCSIDriver": {
            "type": "bool",
            "defaultValue": false,
            "metadata": {
                "description": "Boolean flag to turn on and off secret store CSI driver."
            }
        },
        "enableOmsAgent": {
            "type": "bool",
            "defaultValue": true,
            "metadata": {
                "description": "Boolean flag to turn on and off omsagent addon."
            }
        },
        "workspaceRegion": {
            "type": "string",
            "defaultValue": "East US",
            "metadata": {
                "description": "Specify the region for your OMS workspace."
            }
        },
        "workspaceName": {
            "type": "string",
            "metadata": {
                "description": "Specify the name of the OMS workspace."
            }
        },
        "omsWorkspaceId": {
            "type": "string",
            "metadata": {
                "description": "Specify the resource id of the OMS workspace."
            }
        },
        "omsSku": {
            "type": "string",
            "defaultValue": "standalone",
            "allowedValues": [
                "free",
                "standalone",
                "pernode"
            ],
            "metadata": {
                "description": "Select the SKU for your workspace."
            }
        }
    },
    "resources": [
        {
            "type": "Microsoft.Resources/deployments",
            "name": "SolutionDeployment-20220423142225",
            "apiVersion": "2017-05-10",
            "resourceGroup": "[split(parameters('omsWorkspaceId'),'/')[4]]",
            "subscriptionId": "[split(parameters('omsWorkspaceId'),'/')[2]]",
            "properties": {
                "mode": "Incremental",
                "template": {
                    "$schema": "https://schema.management.azure.com/schemas/2015-01-01/deploymentTemplate.json#",
                    "contentVersion": "1.0.0.0",
                    "parameters": {},
                    "variables": {},
                    "resources": [
                        {
                            "apiVersion": "2015-11-01-preview",
                            "type": "Microsoft.OperationsManagement/solutions",
                            "location": "[parameters('workspaceRegion')]",
                            "name": "[concat('ContainerInsights', '(', split(parameters('omsWorkspaceId'),'/')[8], ')')]",
                            "properties": {
                                "workspaceResourceId": "[parameters('omsWorkspaceId')]"
                            },
                            "plan": {
                                "name": "[concat('ContainerInsights', '(', split(parameters('omsWorkspaceId'),'/')[8], ')')]",
                                "product": "[concat('OMSGallery/', 'ContainerInsights')]",
                                "promotionCode": "",
                                "publisher": "Microsoft"
                            }
                        }
                    ]
                }
            },
            "dependsOn": []
        },
        {
            "apiVersion": "2021-07-01",
            "dependsOn": [],
            "type": "Microsoft.ContainerService/managedClusters",
            "location": "[parameters('location')]",
            "name": "[parameters('resourceName')]",
            "properties": {
                "kubernetesVersion": "[parameters('kubernetesVersion')]",
                "enableRBAC": "[parameters('enableRBAC')]",
                "dnsPrefix": "[parameters('dnsPrefix')]",
                "agentPoolProfiles": [
                    {
                        "name": "agentpool",
                        "osDiskSizeGB": "[parameters('osDiskSizeGB')]",
                        "count": 2,
                        "enableAutoScaling": true,
                        "minCount": 1,
                        "maxCount": 2,
                        "vmSize": "Standard_DS2_v2",
                        "osType": "Linux",
                        "storageProfile": "ManagedDisks",
                        "type": "VirtualMachineScaleSets",
                        "mode": "System",
                        "maxPods": 110,
                        "availabilityZones": null,
                        "enableNodePublicIP": false,
                        "tags": {}
                    }
                ],
                "networkProfile": {
                    "loadBalancerSku": "standard",
                    "networkPlugin": "[parameters('networkPlugin')]"
                },
                "apiServerAccessProfile": {
                    "enablePrivateCluster": "[parameters('enablePrivateCluster')]"
                },
                "addonProfiles": {
                    "httpApplicationRouting": {
                        "enabled": "[parameters('enableHttpApplicationRouting')]"
                    },
                    "azurepolicy": {
                        "enabled": "[parameters('enableAzurePolicy')]"
                    },
                    "azureKeyvaultSecretsProvider": {
                        "enabled": "[parameters('enableSecretStoreCSIDriver')]"
                    },
                    "omsAgent": {
                        "enabled": "[parameters('enableOmsAgent')]",
                        "config": {
                            "logAnalyticsWorkspaceResourceID": "[parameters('omsWorkspaceId')]"
                        }
                    }
                }
            },
            "tags": {},
            "sku": {
                "name": "Basic",
                "tier": "Free"
            },
            "identity": {
                "type": "SystemAssigned"
            }
        },
        {
            "type": "Microsoft.Resources/deployments",
            "name": "ClusterMonitoringMetricPulisherRoleAssignmentDepl-20220423142225",
            "apiVersion": "2017-05-10",
            "resourceGroup": "rg-handsonaks",
            "subscriptionId": "064a722e-2ffe-4301-b22f-0fb45e6842da",
            "properties": {
                "mode": "Incremental",
                "template": {
                    "$schema": "https://schema.management.azure.com/schemas/2015-01-01/deploymentTemplate.json#",
                    "contentVersion": "1.0.0.0",
                    "parameters": {},
                    "variables": {},
                    "resources": [
                        {
                            "type": "Microsoft.ContainerService/managedClusters/providers/roleAssignments",
                            "apiVersion": "2018-01-01-preview",
                            "name": "hanksonaks/Microsoft.Authorization/a123914f-5e3e-4eac-94e2-2d022b61527b",
                            "properties": {
                                "roleDefinitionId": "[concat('/subscriptions/', subscription().subscriptionId, '/providers/Microsoft.Authorization/roleDefinitions/', '3913510d-42f4-4e42-8a64-420c390055eb')]",
                                "principalId": "[reference(parameters('resourceName')).addonProfiles.omsAgent.identity.objectId]",
                                "scope": "/subscriptions/064a722e-2ffe-4301-b22f-0fb45e6842da/resourceGroups/rg-handsonaks/providers/Microsoft.ContainerService/managedClusters/hanksonaks"
                            }
                        }
                    ]
                }
            },
            "dependsOn": [
                "/subscriptions/064a722e-2ffe-4301-b22f-0fb45e6842da/resourceGroups/rg-handsonaks/providers/Microsoft.ContainerService/managedClusters/hanksonaks"
            ]
        }
    ],
    "outputs": {
        "controlPlaneFQDN": {
            "type": "string",
            "value": "[reference(concat('Microsoft.ContainerService/managedClusters/', parameters('resourceName'))).fqdn]"
        }
    }
}